id,username,email,created_at
1,ivorybeacon76,ivorybeacon76@acme.dev,2025-11-03 13:25:16
2,goldvalley75,goldvalley75@relay.cloud,2025-06-06 20:50:26
3,navycanyon81,navycanyon81@acme.dev,2025-03-09 09:59:04
4,rapidbeacon44,rapidbeacon44@acme.dev,2024-10-28 12:35:45
5,vividvalley52,vividvalley52@relay.cloud,2024-08-19 07:29:16
6,silvercanyon81,silvercanyon81@seeded.app,2024-12-21 15:43:27
7,harbordelta08,harbordelta08@seeded.app,2024-09-01 19:30:26
8,quietanchor09,quietanchor09@opswise.net,2024-06-28 00:36:50
9,livelyzenith96,livelyzenith96@example.com,2024-04-19 18:46:01
10,proudwindow05,proudwindow05@acme.dev,2025-01-15 03:21:16
11,calmkernel51,calmkernel51@acme.dev,2024-06-07 02:04:39
12,cobaltpioneer64,cobaltpioneer64@acme.dev,2024-08-28 10:40:12
13,youngharvest01,youngharvest01@hackstack.io,2024-07-24 17:27:50
14,rapidpioneer84,rapidpioneer84@hackstack.io,2024-10-26 18:39:05
15,ambermeadow75,ambermeadow75@hackstack.io,2024-02-20 10:14:45
16,ivoryengine91,ivoryengine91@seeded.app,2025-12-26 21:35:47
17,mellowanchor89,mellowanchor89@seeded.app,2024-03-15 11:18:22
18,cobaltfield30,cobaltfield30@acme.dev,2024-01-27 03:06:33
19,jadeyard57,jadeyard57@opswise.net,2025-10-27 22:52:52
20,forestzenith54,forestzenith54@example.com,2025-01-23 22:07:51
21,briskfield19,briskfield19@opswise.net,2025-06-23 14:20:33
22,quietwindow40,quietwindow40@acme.dev,2024-05-29 13:58:37
23,rapiduplink45,rapiduplink45@opswise.net,2025-09-28 12:09:07
24,silverriver95,silverriver95@hackstack.io,2025-11-17 12:23:49
25,tidytrail78,tidytrail78@example.com,2025-10-17 22:45:10
26,harborharvest70,harborharvest70@opswise.net,2024-08-13 13:58:33
27,forestvalley85,forestvalley85@acme.dev,2026-01-20 14:08:08
28,livelymeadow46,livelymeadow46@acme.dev,2025-12-17 07:15:25
29,keentrail10,keentrail10@hackstack.io,2025-08-31 21:37:18
30,vividharvest80,vividharvest80@relay.cloud,2024-10-04 21:42:19
31,younguplink90,younguplink90@hackstack.io,2025-11-25 15:48:02
32,mellowbeacon67,mellowbeacon67@hackstack.io,2024-06-06 05:23:10
33,warmorbit86,warmorbit86@acme.dev,2025-11-13 13:03:30
34,cobaltuplink12,cobaltuplink12@acme.dev,2025-05-24 21:47:05
35,opalyard49,opalyard49@relay.cloud,2025-10-08 14:55:56
36,dawncanyon23,dawncanyon23@seeded.app,2025-05-19 04:09:34
37,jaderiver81,jaderiver81@seeded.app,2024-03-24 08:15:39
38,proudsignal63,proudsignal63@opswise.net,2024-01-21 04:53:34
39,mellowbeacon84,mellowbeacon84@acme.dev,2025-01-17 08:47:43
40,keenwindow84,keenwindow84@hackstack.io,2024-08-07 18:53:30
41,youngquartz66,youngquartz66@opswise.net,2025-04-06 01:27:32
42,harborzenith16,harborzenith16@hackstack.io,2025-04-10 06:46:31
43,vividbeacon06,vividbeacon06@acme.dev,2025-02-24 13:48:21
44,vividbeacon63,vividbeacon63@example.com,2026-01-16 10:59:40
45,quietmeadow14,quietmeadow14@relay.cloud,2024-01-11 00:28:48
46,rapiddelta68,rapiddelta68@acme.dev,2024-04-25 07:35:10
47,livelyfield83,livelyfield83@opswise.net,2024-06-15 11:58:19
48,emberisland00,emberisland00@opswise.net,2026-01-10 19:24:37
49,calmuplink04,calmuplink04@hackstack.io,2024-10-26 19:22:46
50,vividwindow89,vividwindow89@example.com,2024-07-13 22:12:54
51,tidytrail38,tidytrail38@relay.cloud,2024-12-06 11:29:30
52,vividuplink84,vividuplink84@hackstack.io,2024-04-10 05:56:04
53,calmuplink00,calmuplink00@opswise.net,2024-09-24 23:54:58
54,ivorywindow08,ivorywindow08@example.com,2025-04-26 14:12:40
55,clearharvest32,clearharvest32@seeded.app,2024-05-21 20:41:30
56,calmyard20,calmyard20@opswise.net,2025-01-20 03:54:28
57,clearwindow14,clearwindow14@relay.cloud,2024-05-13 12:27:49
58,goldyard23,goldyard23@relay.cloud,2024-04-12 01:25:34
59,quietyard51,quietyard51@acme.dev,2025-06-08 18:06:47
60,keenpioneer77,keenpioneer77@relay.cloud,2025-09-04 05:13:15
61,navycanyon41,navycanyon41@opswise.net,2025-09-17 05:15:01
62,jadeengine05,jadeengine05@acme.dev,2024-03-19 09:47:16
63,harborfield15,harborfield15@seeded.app,2025-07-26 00:07:03
64,tidyharvest32,tidyharvest32@relay.cloud,2024-02-01 12:22:31
65,forestharvest24,forestharvest24@acme.dev,2025-11-09 20:49:33
66,vividzenith81,vividzenith81@acme.dev,2024-04-26 01:49:37
67,mellowharvest90,mellowharvest90@relay.cloud,2024-04-04 06:27:25
68,cobaltfield68,cobaltfield68@relay.cloud,2024-07-25 14:50:18
69,younggarden27,younggarden27@hackstack.io,2025-03-02 02:27:34
70,goldnetwork82,goldnetwork82@example.com,2026-01-04 20:47:35
71,emberanchor47,emberanchor47@opswise.net,2025-04-16 21:40:15
72,prouddelta74,prouddelta74@seeded.app,2025-03-28 22:51:46
73,clearisland11,clearisland11@seeded.app,2024-06-09 01:53:15
74,clearengine54,clearengine54@opswise.net,2025-05-03 12:57:49
75,jadezenith18,jadezenith18@seeded.app,2024-01-02 02:00:49
76,livelymeadow23,livelymeadow23@opswise.net,2025-08-13 18:54:38
77,emberorbit36,emberorbit36@relay.cloud,2025-02-07 23:53:38
78,calmgarden00,calmgarden00@relay.cloud,2024-05-10 20:06:03
79,navycanyon36,navycanyon36@opswise.net,2024-10-20 06:41:59
80,keenriver43,keenriver43@hackstack.io,2025-07-14 07:19:50
81,livelyjourney54,livelyjourney54@acme.dev,2024-04-27 22:52:14
82,opalpioneer39,opalpioneer39@seeded.app,2025-04-10 18:43:10
83,ivorycanyon38,ivorycanyon38@example.com,2025-07-29 14:54:46
84,navybeacon55,navybeacon55@relay.cloud,2025-10-13 17:24:48
85,tidyquartz28,tidyquartz28@acme.dev,2025-09-06 07:34:48
86,brisknetwork50,brisknetwork50@opswise.net,2025-08-21 08:39:17
87,cobaltnetwork36,cobaltnetwork36@relay.cloud,2026-01-30 17:47:17
88,tidyyard78,tidyyard78@opswise.net,2024-02-27 13:19:45
89,jadeharvest22,jadeharvest22@opswise.net,2025-10-13 03:04:01
90,embergarden72,embergarden72@example.com,2025-12-08 06:08:58
91,rapidlagoon57,rapidlagoon57@seeded.app,2024-04-09 13:20:58
92,forestsignal87,forestsignal87@seeded.app,2025-12-26 09:22:29
93,youngisland38,youngisland38@acme.dev,2024-10-02 09:03:35
94,clearorbit65,clearorbit65@seeded.app,2024-12-19 21:52:36
95,dawnlagoon17,dawnlagoon17@acme.dev,2025-07-08 15:23:29
96,brisklagoon64,brisklagoon64@hackstack.io,2024-09-02 13:10:42
97,cobaltharvest08,cobaltharvest08@acme.dev,2024-09-29 23:45:17
98,goldbeacon69,goldbeacon69@seeded.app,2024-07-26 19:33:34
99,amberwindow40,amberwindow40@opswise.net,2025-12-28 14:29:29
100,cobaltzenith02,cobaltzenith02@opswise.net,2025-09-17 17:06:59
101,silvermeadow88,silvermeadow88@example.com,2024-04-04 07:55:19
102,proudanchor13,proudanchor13@seeded.app,2024-04-21 11:51:51
103,foresttrail89,foresttrail89@example.com,2024-04-03 09:28:22
104,amberisland55,amberisland55@example.com,2024-07-12 14:30:01
105,dawncanyon91,dawncanyon91@relay.cloud,2025-03-18 01:47:51
106,rapidbeacon57,rapidbeacon57@seeded.app,2024-12-06 22:03:21
107,forestanchor18,forestanchor18@hackstack.io,2025-04-22 17:45:27
108,youngbeacon49,youngbeacon49@relay.cloud,2024-03-06 05:00:59
109,tidynetwork40,tidynetwork40@opswise.net,2025-02-08 12:03:21
110,youngvalley12,youngvalley12@seeded.app,2025-05-28 16:38:33
111,golddelta68,golddelta68@hackstack.io,2024-10-01 12:03:33
112,calmbeacon86,calmbeacon86@acme.dev,2025-01-09 06:13:26
113,proudbeacon93,proudbeacon93@acme.dev,2025-03-06 09:08:18
114,tidyfield57,tidyfield57@seeded.app,2024-12-23 22:46:40
115,quietfield40,quietfield40@seeded.app,2024-04-25 17:23:08
116,livelywindow97,livelywindow97@hackstack.io,2024-03-29 13:20:38
117,keenkernel75,keenkernel75@seeded.app,2025-03-12 22:14:07
118,cobaltjourney67,cobaltjourney67@acme.dev,2025-12-23 20:45:12
119,jadejourney35,jadejourney35@hackstack.io,2024-12-25 11:04:11
120,tidydelta15,tidydelta15@opswise.net,2024-03-05 21:34:10
121,clearzenith74,clearzenith74@hackstack.io,2025-10-05 00:33:18
122,rapidorbit86,rapidorbit86@opswise.net,2024-08-12 23:23:19
123,clearnetwork43,clearnetwork43@relay.cloud,2025-03-23 05:34:40
124,jadenetwork46,jadenetwork46@acme.dev,2025-05-25 23:28:15
125,dawnfield03,dawnfield03@relay.cloud,2024-10-30 11:00:23
126,keensignal33,keensignal33@seeded.app,2024-03-06 04:46:13
127,clearyard56,clearyard56@opswise.net,2025-07-25 02:13:21
128,navybeacon13,navybeacon13@relay.cloud,2025-07-19 14:58:12
129,calmisland76,calmisland76@relay.cloud,2025-04-03 11:04:43
130,opalisland09,opalisland09@example.com,2024-12-12 11:49:20
131,embercanyon20,embercanyon20@seeded.app,2025-12-04 12:25:57
132,youngtrail40,youngtrail40@acme.dev,2024-10-03 01:06:23
133,livelysignal50,livelysignal50@seeded.app,2024-11-09 07:02:39
134,rapidnetwork88,rapidnetwork88@hackstack.io,2024-04-16 13:31:26
135,warmisland63,warmisland63@acme.dev,2025-10-03 05:35:12
136,harborgarden60,harborgarden60@hackstack.io,2025-12-09 01:28:57
137,navykernel95,navykernel95@hackstack.io,2025-03-12 12:25:22
138,livelyvalley35,livelyvalley35@hackstack.io,2024-08-16 04:34:18
139,opalorbit48,opalorbit48@opswise.net,2025-03-03 11:31:26
140,emberharvest70,emberharvest70@opswise.net,2025-12-08 09:06:15
141,rapidzenith55,rapidzenith55@seeded.app,2024-03-23 11:57:06
142,keenvalley75,keenvalley75@relay.cloud,2025-01-16 03:01:29
143,mellowquartz14,mellowquartz14@relay.cloud,2025-09-09 11:29:37
144,younglagoon67,younglagoon67@seeded.app,2025-08-09 03:46:39
145,calmlagoon36,calmlagoon36@hackstack.io,2025-10-19 16:19:41
146,calmtrail24,calmtrail24@relay.cloud,2024-05-15 17:11:40
147,quietwindow13,quietwindow13@opswise.net,2024-05-11 04:52:57
148,opalorbit71,opalorbit71@example.com,2025-05-10 05:14:47
149,amberyard40,amberyard40@relay.cloud,2025-03-27 13:58:10
150,proudkernel27,proudkernel27@relay.cloud,2024-03-08 21:15:35
151,emberjourney17,emberjourney17@hackstack.io,2024-12-30 19:02:15
152,proudbeacon31,proudbeacon31@opswise.net,2024-05-12 09:03:20
153,navyjourney13,navyjourney13@opswise.net,2024-06-01 15:39:00
154,urbanvalley99,urbanvalley99@hackstack.io,2025-03-16 23:09:18
155,mellowgarden39,mellowgarden39@hackstack.io,2025-06-09 17:46:22
156,emberwindow49,emberwindow49@acme.dev,2024-02-14 10:08:30
157,cobaltyard72,cobaltyard72@acme.dev,2024-07-18 07:18:54
158,livelydelta24,livelydelta24@example.com,2025-02-11 09:27:59
159,cobaltsignal18,cobaltsignal18@relay.cloud,2025-09-11 11:25:12
160,urbananchor48,urbananchor48@opswise.net,2025-12-18 16:54:50
161,goldwindow76,goldwindow76@example.com,2024-01-29 20:09:21
162,forestisland05,forestisland05@relay.cloud,2024-08-27 13:12:07
163,urbangarden79,urbangarden79@opswise.net,2026-01-16 01:24:49
164,calmcanyon63,calmcanyon63@seeded.app,2024-03-28 20:03:27
165,keenuplink63,keenuplink63@relay.cloud,2025-08-28 03:54:32
166,urbanbeacon65,urbanbeacon65@acme.dev,2025-04-03 18:56:20
167,quietgarden86,quietgarden86@relay.cloud,2025-02-16 00:05:51
168,vividbeacon34,vividbeacon34@seeded.app,2025-06-16 06:24:11
169,emberpioneer01,emberpioneer01@seeded.app,2025-05-02 16:16:14
170,silvervalley30,silvervalley30@acme.dev,2025-08-02 21:09:46
171,emberisland79,emberisland79@acme.dev,2025-12-29 03:58:15
172,emberpioneer54,emberpioneer54@hackstack.io,2025-11-22 22:51:06
173,ivorylagoon34,ivorylagoon34@seeded.app,2025-10-08 06:08:07
174,vividriver60,vividriver60@relay.cloud,2024-09-17 02:46:23
175,proudfield70,proudfield70@opswise.net,2025-04-13 22:14:29
176,navytrail60,navytrail60@opswise.net,2024-05-04 00:32:36
177,urbanzenith99,urbanzenith99@opswise.net,2025-02-01 20:28:28
178,goldcanyon34,goldcanyon34@seeded.app,2024-10-18 12:24:21
179,rapidjourney18,rapidjourney18@example.com,2024-04-12 09:46:44
180,amberjourney10,amberjourney10@relay.cloud,2025-12-27 17:14:42
181,quietharvest29,quietharvest29@acme.dev,2024-04-23 22:30:19
182,youngnetwork74,youngnetwork74@relay.cloud,2025-09-24 12:45:57
183,goldnetwork81,goldnetwork81@acme.dev,2025-12-04 22:05:40
184,ivorytrail97,ivorytrail97@seeded.app,2025-04-23 20:12:23
185,navysignal00,navysignal00@example.com,2024-10-20 01:29:11
186,cobaltcanyon01,cobaltcanyon01@seeded.app,2024-01-25 03:19:29
187,urbanlagoon73,urbanlagoon73@opswise.net,2025-03-11 11:28:11
188,briskjourney43,briskjourney43@opswise.net,2025-10-28 19:38:34
189,dawnzenith91,dawnzenith91@acme.dev,2024-08-03 23:27:45
190,navyuplink88,navyuplink88@example.com,2024-12-07 13:11:51
191,tidyriver21,tidyriver21@seeded.app,2025-03-03 11:46:47
192,livelyzenith35,livelyzenith35@seeded.app,2024-09-26 02:55:15
193,calmharvest80,calmharvest80@relay.cloud,2025-09-02 11:47:26
194,calmgarden48,calmgarden48@example.com,2024-05-19 00:09:36
195,urbandelta02,urbandelta02@relay.cloud,2024-06-07 13:13:40
196,navyriver79,navyriver79@hackstack.io,2024-01-04 04:26:21
197,forestquartz41,forestquartz41@example.com,2025-05-18 20:09:16
198,ivoryorbit70,ivoryorbit70@seeded.app,2025-09-25 18:24:02
199,urbanquartz50,urbanquartz50@opswise.net,2024-08-04 23:52:29
200,ambersignal25,ambersignal25@hackstack.io,2025-02-06 00:05:36
201,goldriver89,goldriver89@seeded.app,2024-12-23 15:39:16
202,ivoryjourney16,ivoryjourney16@acme.dev,2024-04-23 08:02:39
203,silverkernel29,silverkernel29@relay.cloud,2025-09-02 08:14:45
204,urbanbeacon42,urbanbeacon42@hackstack.io,2024-01-15 19:07:20
205,ivorybeacon70,ivorybeacon70@seeded.app,2024-11-06 22:59:44
206,rapidengine90,rapidengine90@hackstack.io,2025-10-21 01:36:56
207,forestvalley95,forestvalley95@example.com,2025-03-02 13:34:44
208,dawnbeacon38,dawnbeacon38@hackstack.io,2026-01-02 05:48:40
209,navygarden00,navygarden00@opswise.net,2025-02-20 13:09:47
210,cobaltjourney38,cobaltjourney38@example.com,2024-11-22 16:46:13
211,tidyjourney40,tidyjourney40@seeded.app,2025-05-26 18:00:29
212,vividharvest60,vividharvest60@opswise.net,2024-02-09 10:31:54
213,warmharvest65,warmharvest65@seeded.app,2025-08-06 16:21:11
214,forestgarden83,forestgarden83@opswise.net,2024-09-15 12:01:54
215,rapidquartz61,rapidquartz61@opswise.net,2024-09-08 06:20:23
216,ivoryquartz75,ivoryquartz75@example.com,2025-08-19 00:27:40
217,forestlagoon02,forestlagoon02@acme.dev,2024-12-31 10:03:27
218,dawncanyon97,dawncanyon97@acme.dev,2025-06-12 15:26:35
219,tidyisland14,tidyisland14@acme.dev,2024-02-24 17:23:49
220,harborcanyon41,harborcanyon41@acme.dev,2024-08-19 09:09:21
221,golduplink97,golduplink97@acme.dev,2024-01-07 21:49:02
222,golduplink82,golduplink82@acme.dev,2025-01-26 15:50:48
223,cobaltlagoon63,cobaltlagoon63@relay.cloud,2025-02-10 12:29:26
224,jadesignal46,jadesignal46@acme.dev,2025-08-10 08:16:57
225,livelynetwork09,livelynetwork09@hackstack.io,2024-07-18 21:58:05
226,ivoryriver24,ivoryriver24@opswise.net,2024-12-17 21:36:14
227,opalzenith72,opalzenith72@hackstack.io,2025-06-30 20:04:22
228,amberkernel56,amberkernel56@hackstack.io,2024-11-25 06:50:09
229,ivoryriver01,ivoryriver01@acme.dev,2024-08-05 17:52:57
230,tidyorbit80,tidyorbit80@example.com,2024-06-09 13:37:30
231,rapidvalley12,rapidvalley12@hackstack.io,2025-02-24 03:36:24
232,vividharvest33,vividharvest33@relay.cloud,2025-07-08 09:51:56
233,goldcanyon69,goldcanyon69@hackstack.io,2025-03-08 02:10:28
234,proudlagoon35,proudlagoon35@example.com,2025-04-27 11:38:01
235,goldtrail39,goldtrail39@opswise.net,2025-05-12 19:30:23
236,harborzenith28,harborzenith28@hackstack.io,2025-06-19 02:14:15
237,mellowlagoon10,mellowlagoon10@relay.cloud,2024-05-09 00:37:55
238,urbanyard21,urbanyard21@opswise.net,2024-01-15 17:35:14
239,warmcanyon09,warmcanyon09@hackstack.io,2025-05-09 20:31:56
240,calmdelta69,calmdelta69@relay.cloud,2025-08-22 18:49:12
241,navyisland48,navyisland48@opswise.net,2024-01-14 19:29:48
242,forestlagoon56,forestlagoon56@opswise.net,2025-04-22 05:31:07
243,quietnetwork68,quietnetwork68@opswise.net,2025-06-10 16:25:01
244,navytrail89,navytrail89@opswise.net,2026-01-09 10:47:56
245,livelyzenith70,livelyzenith70@relay.cloud,2025-11-09 22:14:21
246,jadekernel44,jadekernel44@acme.dev,2024-05-17 02:50:01
247,youngwindow87,youngwindow87@acme.dev,2024-02-10 03:42:40
248,silverjourney97,silverjourney97@example.com,2024-06-12 00:15:38
249,forestlagoon80,forestlagoon80@relay.cloud,2024-10-05 18:46:33
250,keenharvest72,keenharvest72@hackstack.io,2024-07-22 06:36:07
251,livelyisland38,livelyisland38@hackstack.io,2024-11-17 19:02:09
252,keenkernel53,keenkernel53@hackstack.io,2024-06-20 16:07:04
253,cobaltjourney78,cobaltjourney78@example.com,2025-01-27 17:38:29
254,forestdelta36,forestdelta36@relay.cloud,2025-09-27 16:17:24
255,navyriver87,navyriver87@relay.cloud,2025-06-21 01:00:33
256,goldharvest16,goldharvest16@acme.dev,2025-07-12 12:00:32
257,navyengine17,navyengine17@seeded.app,2024-12-03 22:31:44
258,forestnetwork64,forestnetwork64@relay.cloud,2024-04-20 13:52:02
259,proudsignal04,proudsignal04@relay.cloud,2025-12-11 16:56:34
260,amberharvest41,amberharvest41@opswise.net,2025-10-20 11:46:23
261,ivoryvalley52,ivoryvalley52@hackstack.io,2025-11-02 10:51:14
262,calmlagoon12,calmlagoon12@relay.cloud,2025-06-25 09:53:50
263,rapidmeadow18,rapidmeadow18@hackstack.io,2024-10-16 08:19:39
264,dawnzenith18,dawnzenith18@opswise.net,2025-02-21 03:25:29
265,dawnsignal18,dawnsignal18@seeded.app,2024-02-02 10:56:23
266,youngorbit25,youngorbit25@example.com,2025-07-11 07:35:27
267,mellowdelta62,mellowdelta62@example.com,2024-12-17 08:16:02
268,goldnetwork21,goldnetwork21@relay.cloud,2025-05-06 05:20:05
269,rapidlagoon90,rapidlagoon90@hackstack.io,2025-11-19 15:32:21
270,calmtrail50,calmtrail50@relay.cloud,2024-01-11 11:10:48
271,urbanpioneer01,urbanpioneer01@acme.dev,2025-07-17 19:30:51
272,navykernel72,navykernel72@acme.dev,2024-03-02 23:11:07
273,cobaltharvest36,cobaltharvest36@acme.dev,2025-02-13 23:28:39
274,dawngarden87,dawngarden87@relay.cloud,2025-10-14 09:15:50
275,clearharvest96,clearharvest96@seeded.app,2024-05-26 22:23:45
276,quietzenith20,quietzenith20@relay.cloud,2025-07-27 03:00:14
277,dawnzenith43,dawnzenith43@seeded.app,2025-09-01 13:53:54
278,harborjourney70,harborjourney70@opswise.net,2024-08-19 11:29:57
279,navypioneer89,navypioneer89@opswise.net,2025-06-15 00:11:40
280,rapidwindow77,rapidwindow77@acme.dev,2025-09-10 03:36:39
281,harborquartz07,harborquartz07@relay.cloud,2024-01-25 20:08:53
282,embermeadow25,embermeadow25@relay.cloud,2024-01-10 01:41:31
283,ivoryzenith27,ivoryzenith27@example.com,2025-05-14 05:20:46
284,proudzenith44,proudzenith44@example.com,2025-03-14 17:22:56
285,keenkernel36,keenkernel36@acme.dev,2025-10-28 12:05:06
286,clearnetwork28,clearnetwork28@hackstack.io,2024-10-21 23:56:21
287,silvernetwork60,silvernetwork60@acme.dev,2024-07-28 11:35:46
288,cobaltkernel29,cobaltkernel29@acme.dev,2024-06-05 10:43:29
289,ivoryuplink93,ivoryuplink93@example.com,2025-12-23 22:50:16
290,embertrail44,embertrail44@example.com,2025-11-14 17:40:08
291,ivoryengine15,ivoryengine15@opswise.net,2024-11-19 14:57:01
292,livelyjourney92,livelyjourney92@opswise.net,2024-04-11 20:40:14
293,silverengine25,silverengine25@acme.dev,2025-11-09 21:10:10
294,dawnmeadow39,dawnmeadow39@relay.cloud,2024-02-27 22:54:39
295,opalanchor77,opalanchor77@example.com,2024-03-14 10:22:22
296,keensignal87,keensignal87@example.com,2024-05-02 03:41:30
297,jadezenith32,jadezenith32@example.com,2025-02-01 03:49:32
298,cobaltisland46,cobaltisland46@opswise.net,2025-01-29 20:34:41
299,livelyuplink32,livelyuplink32@acme.dev,2025-11-06 21:00:57
300,navyfield81,navyfield81@hackstack.io,2025-12-21 07:28:54
301,quietcanyon51,quietcanyon51@seeded.app,2025-11-15 15:00:50
302,warmsignal50,warmsignal50@seeded.app,2025-10-01 07:55:23
303,clearcanyon14,clearcanyon14@hackstack.io,2025-01-14 21:38:58
304,briskpioneer87,briskpioneer87@opswise.net,2026-01-25 03:15:34
305,mellowgarden32,mellowgarden32@acme.dev,2024-07-12 15:55:52
306,dawnvalley07,dawnvalley07@hackstack.io,2025-03-18 02:24:23
307,forestbeacon50,forestbeacon50@opswise.net,2025-05-21 06:42:59
308,navyengine88,navyengine88@example.com,2025-02-11 23:04:49
309,proudmeadow57,proudmeadow57@hackstack.io,2024-02-02 16:13:35
310,warmisland03,warmisland03@example.com,2024-06-18 22:58:56
311,goldbeacon09,goldbeacon09@hackstack.io,2025-01-25 15:16:27
312,amberwindow76,amberwindow76@seeded.app,2025-10-06 00:41:31
313,quietjourney52,quietjourney52@relay.cloud,2024-08-02 13:32:32
314,mellowquartz26,mellowquartz26@hackstack.io,2024-05-05 05:24:47
315,cobaltpioneer35,cobaltpioneer35@example.com,2025-02-18 15:47:53
316,dawnriver92,dawnriver92@acme.dev,2025-02-01 07:24:40
317,tidydelta46,tidydelta46@hackstack.io,2024-06-01 00:43:28
318,vividquartz67,vividquartz67@seeded.app,2025-12-16 07:08:19
319,golduplink87,golduplink87@seeded.app,2024-12-21 21:19:30
320,warmorbit39,warmorbit39@opswise.net,2025-11-24 06:52:16
321,rapidanchor82,rapidanchor82@example.com,2026-01-29 07:12:48
322,urbanbeacon02,urbanbeacon02@example.com,2024-12-13 04:16:10
323,amberquartz45,amberquartz45@hackstack.io,2025-01-11 09:26:23
324,warmvalley88,warmvalley88@example.com,2025-06-01 02:32:01
325,ivoryanchor21,ivoryanchor21@relay.cloud,2025-07-24 13:28:03
326,ivorynetwork49,ivorynetwork49@acme.dev,2025-01-18 04:48:38
327,clearkernel97,clearkernel97@opswise.net,2025-02-01 23:06:13
328,tidyquartz63,tidyquartz63@acme.dev,2025-03-23 15:46:51
329,rapidzenith72,rapidzenith72@hackstack.io,2025-10-03 17:33:42
330,briskzenith41,briskzenith41@seeded.app,2024-06-26 16:53:17
331,goldharvest41,goldharvest41@acme.dev,2025-10-27 13:24:32
332,dawncanyon72,dawncanyon72@relay.cloud,2025-04-05 04:24:02
333,warmkernel37,warmkernel37@opswise.net,2024-06-04 10:09:29
334,livelyjourney36,livelyjourney36@seeded.app,2024-06-23 02:44:58
335,proudisland02,proudisland02@acme.dev,2024-06-21 18:46:54
336,tidygarden18,tidygarden18@opswise.net,2024-07-17 19:20:58
337,silverzenith19,silverzenith19@acme.dev,2024-02-03 20:57:54
338,clearwindow78,clearwindow78@opswise.net,2025-10-12 04:46:52
339,rapidbeacon48,rapidbeacon48@seeded.app,2025-06-20 06:40:17
340,briskyard34,briskyard34@hackstack.io,2026-01-07 07:15:16
341,cobalttrail54,cobalttrail54@relay.cloud,2024-07-26 21:02:32
342,jadefield37,jadefield37@acme.dev,2025-02-04 20:28:02
343,goldengine84,goldengine84@relay.cloud,2024-08-09 22:08:20
344,younganchor35,younganchor35@hackstack.io,2024-08-24 08:47:40
345,amberfield90,amberfield90@opswise.net,2024-03-09 15:11:05
346,livelytrail13,livelytrail13@example.com,2025-06-22 11:44:48
347,livelyvalley17,livelyvalley17@seeded.app,2024-05-06 17:22:12
348,goldlagoon34,goldlagoon34@seeded.app,2024-02-22 09:20:00
349,cobaltmeadow52,cobaltmeadow52@relay.cloud,2025-09-03 23:54:23
350,opalkernel21,opalkernel21@seeded.app,2024-07-03 02:43:47
351,quiettrail33,quiettrail33@seeded.app,2024-03-13 14:35:14
352,navymeadow83,navymeadow83@relay.cloud,2024-01-31 20:16:51
353,briskcanyon03,briskcanyon03@seeded.app,2026-01-27 23:40:54
354,ivorysignal85,ivorysignal85@acme.dev,2025-11-15 04:05:06
355,navycanyon27,navycanyon27@relay.cloud,2024-04-11 19:38:30
356,jadevalley19,jadevalley19@opswise.net,2025-04-23 06:45:51
357,opalorbit61,opalorbit61@seeded.app,2025-11-30 23:58:06
358,calmyard09,calmyard09@hackstack.io,2025-06-08 00:47:44
359,keenriver19,keenriver19@seeded.app,2024-06-18 07:39:36
360,livelyisland75,livelyisland75@acme.dev,2024-01-26 03:18:42
361,dawnwindow24,dawnwindow24@hackstack.io,2024-09-26 21:48:50
362,emberanchor34,emberanchor34@relay.cloud,2025-12-30 01:11:08
363,harbormeadow46,harbormeadow46@hackstack.io,2024-10-28 16:48:18
364,amberorbit63,amberorbit63@hackstack.io,2024-03-13 20:20:03
365,amberzenith35,amberzenith35@example.com,2024-06-20 21:34:57
366,keenbeacon97,keenbeacon97@hackstack.io,2024-03-27 22:33:01
367,opaljourney97,opaljourney97@seeded.app,2024-06-21 01:47:22
368,urbangarden35,urbangarden35@acme.dev,2024-12-20 21:52:10
369,jadezenith78,jadezenith78@relay.cloud,2025-06-15 16:02:57
370,cobaltisland07,cobaltisland07@hackstack.io,2024-11-20 18:51:42
371,keenharvest85,keenharvest85@example.com,2024-04-10 00:11:27
372,quietzenith25,quietzenith25@example.com,2024-06-10 15:19:03
373,ivoryzenith10,ivoryzenith10@relay.cloud,2025-04-02 07:18:41
374,calmwindow05,calmwindow05@hackstack.io,2025-08-07 09:26:42
375,silverpioneer87,silverpioneer87@hackstack.io,2024-10-09 18:36:29
376,ivoryvalley78,ivoryvalley78@relay.cloud,2025-03-25 06:27:29
377,warmuplink70,warmuplink70@seeded.app,2024-10-30 06:07:39
378,forestriver79,forestriver79@opswise.net,2025-02-18 18:01:06
379,urbanpioneer87,urbanpioneer87@example.com,2024-02-05 21:37:37
380,tidyanchor31,tidyanchor31@opswise.net,2025-05-12 07:41:54
381,navygarden59,navygarden59@hackstack.io,2024-09-13 04:49:58
382,briskanchor01,briskanchor01@acme.dev,2024-09-15 22:16:22
383,calmwindow19,calmwindow19@hackstack.io,2025-04-30 06:36:46
384,amberorbit11,amberorbit11@example.com,2025-08-17 11:32:38
385,goldpioneer11,goldpioneer11@hackstack.io,2025-01-24 03:38:45
386,quietorbit67,quietorbit67@relay.cloud,2024-10-03 12:32:18
387,briskvalley69,briskvalley69@seeded.app,2025-06-02 14:52:58
388,opalvalley49,opalvalley49@seeded.app,2025-09-29 05:51:57
389,emberorbit33,emberorbit33@example.com,2024-04-13 10:32:39
390,navybeacon06,navybeacon06@hackstack.io,2025-01-12 11:38:04
391,tidymeadow28,tidymeadow28@hackstack.io,2025-02-05 08:05:30
392,emberbeacon24,emberbeacon24@hackstack.io,2025-01-28 14:27:21
393,dawnorbit45,dawnorbit45@seeded.app,2025-04-22 21:29:46
394,navyzenith16,navyzenith16@seeded.app,2024-08-02 10:31:36
395,amberriver55,amberriver55@acme.dev,2025-11-23 20:28:42
396,briskfield01,briskfield01@seeded.app,2024-11-02 09:11:45
397,quietharvest56,quietharvest56@hackstack.io,2024-02-16 18:17:46
398,clearjourney15,clearjourney15@acme.dev,2025-07-03 07:04:19
399,urbanharvest67,urbanharvest67@relay.cloud,2024-02-25 12:06:39
400,goldlagoon48,goldlagoon48@seeded.app,2025-12-22 00:15:49
